year,LandAverageTemperatureUncertainty
1750,2.4179999999999997
1751,1.6223333333333334
1752,1.4885000000000002
1753,3.176
1754,3.4942499999999996
1755,3.8503333333333334
1756,3.262333333333333
1757,4.026
1758,3.362916666666667
1759,3.6789166666666664
1760,3.0889166666666665
1761,3.144833333333333
1762,3.52425
1763,3.1515833333333334
1764,2.7752499999999998
1765,2.42775
1766,2.8358333333333334
1767,2.962666666666667
1768,2.266
1769,2.410083333333333
1770,2.780666666666667
1771,2.6045833333333333
1772,2.463833333333333
1773,2.36075
1774,3.4151666666666665
1775,2.3205833333333334
1776,2.8641666666666663
1777,2.442833333333333
1778,2.8725
1779,2.5058333333333334
1780,2.5848333333333335
1781,2.503833333333333
1782,2.5505833333333334
1783,2.4944166666666665
1784,2.2556666666666665
1785,2.2395
1786,2.5254166666666666
1787,2.3617500000000002
1788,2.5578333333333334
1789,1.8686666666666667
1790,1.7716666666666665
1791,1.7837500000000002
1792,1.7004166666666667
1793,2.2744166666666668
1794,1.979
1795,2.0433333333333334
1796,1.9206666666666667
1797,2.045666666666667
1798,1.9033333333333333
1799,1.7384166666666667
1800,1.7186666666666668
1801,1.5816666666666668
1802,1.849
1803,1.6331666666666667
1804,1.8418333333333334
1805,1.6889166666666666
1806,1.5700833333333335
1807,1.59225
1808,1.9968333333333332
1809,2.1354166666666665
1810,2.311
1811,2.0957500000000002
1812,2.1355833333333334
1813,1.7088333333333334
1814,2.1685
1815,1.9665
1816,2.1929166666666666
1817,1.7083333333333333
1818,1.8290833333333332
1819,1.5819166666666666
1820,1.6187500000000001
1821,1.3758333333333332
1822,1.37525
1823,1.3622500000000002
1824,1.4478333333333333
1825,1.5078333333333334
1826,1.5595833333333333
1827,1.4435833333333334
1828,1.6484166666666666
1829,1.31975
1830,1.4314166666666666
1831,1.5315
1832,1.5404166666666665
1833,1.2335
1834,1.15225
1835,1.2753333333333334
1836,1.1694166666666665
1837,1.2909166666666667
1838,1.1623333333333334
1839,1.1794166666666668
1840,0.9911666666666666
1841,0.952
1842,0.8975
1843,0.7498333333333332
1844,0.926
1845,0.8815
1846,1.05175
1847,0.9006666666666666
1848,0.8713333333333333
1849,0.9135833333333334
1850,0.8764166666666666
1851,0.8819166666666667
1852,0.91825
1853,0.835
1854,0.8256666666666667
1855,0.8871666666666668
1856,0.7607499999999999
1857,0.7510833333333333
1858,0.69975
1859,0.6746666666666666
1860,0.626
1861,0.6534166666666666
1862,0.6889166666666666
1863,0.7480000000000001
1864,0.6764166666666666
1865,0.6621666666666667
1866,0.606
1867,0.6348333333333334
1868,0.5463333333333333
1869,0.5956666666666667
1870,0.5501666666666667
1871,0.57025
1872,0.5890833333333333
1873,0.5505
1874,0.5179166666666667
1875,0.4515
1876,0.4335
1877,0.4559166666666667
1878,0.42491666666666666
1879,0.46341666666666664
1880,0.41491666666666666
1881,0.41933333333333334
1882,0.3799166666666667
1883,0.3706666666666667
1884,0.39625
1885,0.425
1886,0.38599999999999995
1887,0.39208333333333334
1888,0.3824166666666667
1889,0.3698333333333333
1890,0.34299999999999997
1891,0.3353333333333333
1892,0.3388333333333333
1893,0.34525
1894,0.31725
1895,0.29925
1896,0.30883333333333335
1897,0.31383333333333335
1898,0.32566666666666666
1899,0.32475
1900,0.31475000000000003
1901,0.30624999999999997
1902,0.29275
1903,0.29
1904,0.28641666666666665
1905,0.27875
1906,0.27491666666666664
1907,0.2571666666666667
1908,0.27475
1909,0.26275
1910,0.26008333333333333
1911,0.24783333333333335
1912,0.2584166666666667
1913,0.26225000000000004
1914,0.2519166666666667
1915,0.24616666666666664
1916,0.2604166666666667
1917,0.26066666666666666
1918,0.26825
1919,0.26675
1920,0.26266666666666666
1921,0.2568333333333333
1922,0.25858333333333333
1923,0.2530833333333333
1924,0.2568333333333333
1925,0.24075
1926,0.24266666666666667
1927,0.24891666666666667
1928,0.24858333333333335
1929,0.25175
1930,0.23966666666666667
1931,0.23775000000000002
1932,0.24891666666666667
1933,0.24266666666666667
1934,0.24008333333333334
1935,0.23591666666666666
1936,0.24308333333333332
1937,0.24008333333333332
1938,0.24050000000000002
1939,0.2373333333333333
1940,0.23108333333333334
1941,0.22783333333333333
1942,0.2295
1943,0.22658333333333333
1944,0.22516666666666665
1945,0.22033333333333335
1946,0.22241666666666668
1947,0.21708333333333332
1948,0.20958333333333334
1949,0.20825000000000002
1950,0.18633333333333332
1951,0.18416666666666667
1952,0.20875
1953,0.21208333333333332
1954,0.18716666666666668
1955,0.15358333333333332
1956,0.12083333333333333
1957,0.158
1958,0.10433333333333333
1959,0.10716666666666667
1960,0.09349999999999999
1961,0.09699999999999999
1962,0.13291666666666666
1963,0.09233333333333334
1964,0.09250000000000001
1965,0.10883333333333334
1966,0.09225
1967,0.08366666666666667
1968,0.11166666666666668
1969,0.08516666666666667
1970,0.07558333333333334
1971,0.09791666666666667
1972,0.09533333333333333
1973,0.10075
1974,0.1045
1975,0.09708333333333334
1976,0.10058333333333334
1977,0.08466666666666667
1978,0.10383333333333333
1979,0.08641666666666666
1980,0.10666666666666667
1981,0.08725
1982,0.08266666666666667
1983,0.09399999999999999
1984,0.10258333333333335
1985,0.09325
1986,0.085
1987,0.08516666666666667
1988,0.08008333333333333
1989,0.08800000000000001
1990,0.08633333333333333
1991,0.06208333333333333
1992,0.08333333333333333
1993,0.08133333333333333
1994,0.07091666666666667
1995,0.07641666666666666
1996,0.08474999999999999
1997,0.08858333333333333
1998,0.07391666666666667
1999,0.07925
2000,0.0835
2001,0.08741666666666666
2002,0.07241666666666667
2003,0.09066666666666667
2004,0.08341666666666668
2005,0.07516666666666667
2006,0.09000000000000001
2007,0.08950000000000001
2008,0.07891666666666666
2009,0.08591666666666666
2010,0.08341666666666665
2011,0.082
2012,0.08341666666666668
2013,0.09766666666666667
2014,0.09016666666666667
2015,0.09216666666666666
